team,season,line,actual_wins,result
Arizona Cardinals,2015,8.5,13,O
Arizona Cardinals,2016,10,7,U
Arizona Cardinals,2017,8.5,8,U
Arizona Cardinals,2018,6,3,U
Arizona Cardinals,2019,5,5,P
Atlanta Falcons,2015,8.5,8,U
Atlanta Falcons,2016,7,11,O
Atlanta Falcons,2017,9.5,10,O
Atlanta Falcons,2018,9.5,7,U
Atlanta Falcons,2019,8.5,7,U
Baltimore Ravens,2015,9,5,U
Baltimore Ravens,2016,8.5,8,U
Baltimore Ravens,2017,8.5,9,O
Baltimore Ravens,2018,8.5,10,O
Baltimore Ravens,2019,8.5,14,O
Buffalo Bills,2015,8.5,8,U
Buffalo Bills,2016,8,7,U
Buffalo Bills,2017,6.5,9,O
Buffalo Bills,2018,5.5,6,O
Buffalo Bills,2019,7,10,O
Carolina Panthers,2015,8.5,15,O
Carolina Panthers,2016,10.5,6,U
Carolina Panthers,2017,9,11,O
Carolina Panthers,2018,8.5,7,U
Carolina Panthers,2019,8,5,U
Chicago Bears,2015,6.5,6,U
Chicago Bears,2016,7.5,3,U
Chicago Bears,2017,5.5,5,U
Chicago Bears,2018,7.5,12,O
Chicago Bears,2019,9,8,U
Cincinnati Bengals,2015,8.5,12,O
Cincinnati Bengals,2016,9.5,6,U
Cincinnati Bengals,2017,8.5,7,U
Cincinnati Bengals,2018,7,6,U
Cincinnati Bengals,2019,6,2,U
Cleveland Browns,2015,6.5,3,U
Cleveland Browns,2016,4.5,1,U
Cleveland Browns,2017,4.5,0,U
Cleveland Browns,2018,6,7,O
Cleveland Browns,2019,9,6,U
Dallas Cowboys,2015,9.5,4,U
Dallas Cowboys,2016,8.5,13,O
Dallas Cowboys,2017,9.5,9,U
Dallas Cowboys,2018,8.5,10,O
Dallas Cowboys,2019,9,8,U
Denver Broncos,2015,10,12,O
Denver Broncos,2016,9.5,9,U
Denver Broncos,2017,8,5,U
Denver Broncos,2018,7,6,U
Denver Broncos,2019,7,7,P
Detroit Lions,2015,8.5,7,U
Detroit Lions,2016,7,9,O
Detroit Lions,2017,7.5,9,O
Detroit Lions,2018,7.5,6,U
Detroit Lions,2019,6.5,3,U
Green Bay Packers,2015,11,10,U
Green Bay Packers,2016,10.5,10,U
Green Bay Packers,2017,10.5,7,U
Green Bay Packers,2018,10,6,U
Green Bay Packers,2019,9,13,O
Houston Texans,2015,8.5,9,O
Houston Texans,2016,8.5,9,O
Houston Texans,2017,8.5,4,U
Houston Texans,2018,8.5,11,O
Houston Texans,2019,8.5,10,O
Indianapolis Colts,2015,10.5,8,U
Indianapolis Colts,2016,9,8,U
Indianapolis Colts,2017,8,4,U
Indianapolis Colts,2018,7.5,10,O
Indianapolis Colts,2019,7.5,7,U
Jacksonville Jaguars,2015,5.5,5,U
Jacksonville Jaguars,2016,7.5,3,U
Jacksonville Jaguars,2017,6.5,10,O
Jacksonville Jaguars,2018,9,5,U
Jacksonville Jaguars,2019,8,6,U
Kansas City Chiefs,2015,8.5,11,O
Kansas City Chiefs,2016,9.5,12,O
Kansas City Chiefs,2017,9,10,O
Kansas City Chiefs,2018,8.5,12,O
Kansas City Chiefs,2019,10.5,12,O
Las Vegas Raiders,2015,5.5,7,O
Las Vegas Raiders,2016,8.5,12,O
Las Vegas Raiders,2017,9.5,6,U
Las Vegas Raiders,2018,7.5,4,U
Las Vegas Raiders,2019,6,7,O
Los Angeles Chargers,2015,8,4,U
Los Angeles Chargers,2016,7,5,U
Los Angeles Chargers,2017,7.5,9,O
Los Angeles Chargers,2018,9.5,12,O
Los Angeles Chargers,2019,10,5,U
Los Angeles Rams,2015,7.5,7,U
Los Angeles Rams,2016,7.5,4,U
Los Angeles Rams,2017,6,11,O
Los Angeles Rams,2018,10,13,O
Los Angeles Rams,2019,10.5,9,U
Miami Dolphins,2015,9,6,U
Miami Dolphins,2016,7,10,O
Miami Dolphins,2017,7,6,U
Miami Dolphins,2018,6.5,7,O
Miami Dolphins,2019,4.5,5,O
Minnesota Vikings,2015,8,11,O
Minnesota Vikings,2016,8.5,8,U
Minnesota Vikings,2017,8.5,13,O
Minnesota Vikings,2018,10,8,U
Minnesota Vikings,2019,9,10,O
New England Patriots,2015,10.5,12,O
New England Patriots,2016,10.5,14,O
New England Patriots,2017,12.5,13,O
New England Patriots,2018,11,11,P
New England Patriots,2019,11.5,12,O
New Orleans Saints,2015,8.5,7,U
New Orleans Saints,2016,7,7,P
New Orleans Saints,2017,8,11,O
New Orleans Saints,2018,9.5,13,O
New Orleans Saints,2019,10.5,13,O
New York Giants,2015,8,6,U
New York Giants,2016,8.5,11,O
New York Giants,2017,9,3,U
New York Giants,2018,7,5,U
New York Giants,2019,6,4,U
New York Jets,2015,7.5,10,O
New York Jets,2016,8,5,U
New York Jets,2017,3.5,5,O
New York Jets,2018,6,4,U
New York Jets,2019,7.5,7,U
Philadelphia Eagles,2015,10,7,U
Philadelphia Eagles,2016,6.5,7,O
Philadelphia Eagles,2017,8.5,13,O
Philadelphia Eagles,2018,10.5,9,U
Philadelphia Eagles,2019,10,9,U
Pittsburgh Steelers,2015,8.5,10,O
Pittsburgh Steelers,2016,10.5,11,O
Pittsburgh Steelers,2017,10.5,13,O
Pittsburgh Steelers,2018,10.5,9,U
Pittsburgh Steelers,2019,9.5,8,U
San Francisco 49ers,2015,6.5,5,U
San Francisco 49ers,2016,5.5,2,U
San Francisco 49ers,2017,5,6,O
San Francisco 49ers,2018,8.5,4,U
San Francisco 49ers,2019,8,13,O
Seattle Seahawks,2015,11,10,U
Seattle Seahawks,2016,10.5,10,U
Seattle Seahawks,2017,10.5,9,U
Seattle Seahawks,2018,7.5,10,O
Seattle Seahawks,2019,9,11,O
Tampa Bay Buccaneers,2015,6,6,P
Tampa Bay Buccaneers,2016,7,9,O
Tampa Bay Buccaneers,2017,8.5,5,U
Tampa Bay Buccaneers,2018,6.5,5,U
Tampa Bay Buccaneers,2019,6.5,7,O
Tennessee Titans,2015,5.5,3,U
Tennessee Titans,2016,6,9,O
Tennessee Titans,2017,9,9,P
Tennessee Titans,2018,8,9,O
Tennessee Titans,2019,8,9,O
Washington Commanders,2015,6,9,O
Washington Commanders,2016,7.5,8,O
Washington Commanders,2017,7.5,7,U
Washington Commanders,2018,7,7,P
Washington Commanders,2019,6,3,U
Arizona Cardinals,2020,7.5,8,O
Arizona Cardinals,2021,8.5,11,O
Arizona Cardinals,2022,8.5,4,U
Arizona Cardinals,2023,4.5,4,U
Arizona Cardinals,2024,7,8,O
Arizona Cardinals,2025,8.5,3,U
Atlanta Falcons,2020,7.5,4,U
Atlanta Falcons,2021,7.5,7,U
Atlanta Falcons,2022,4.5,7,O
Atlanta Falcons,2023,8.5,7,U
Atlanta Falcons,2024,9.5,8,U
Atlanta Falcons,2025,8.5,8,U
Baltimore Ravens,2020,11.5,11,U
Baltimore Ravens,2021,10.5,8,U
Baltimore Ravens,2022,10.5,10,U
Baltimore Ravens,2023,10,13,O
Baltimore Ravens,2024,10.5,12,O
Baltimore Ravens,2025,11.5,8,U
Buffalo Bills,2020,9,13,O
Buffalo Bills,2021,11.5,11,U
Buffalo Bills,2022,12,13,O
Buffalo Bills,2023,10.5,11,O
Buffalo Bills,2024,10,13,O
Buffalo Bills,2025,12.5,12,U
Carolina Panthers,2020,5.5,5,U
Carolina Panthers,2021,7.5,5,U
Carolina Panthers,2022,6.5,7,O
Carolina Panthers,2023,7.5,2,U
Carolina Panthers,2024,5.5,5,U
Carolina Panthers,2025,6.5,8,O
Chicago Bears,2020,8,8,P
Chicago Bears,2021,7.5,6,U
Chicago Bears,2022,5.5,3,U
Chicago Bears,2023,7.5,7,U
Chicago Bears,2024,8.5,5,U
Chicago Bears,2025,8.5,11,O
Cincinnati Bengals,2020,5.5,4,U
Cincinnati Bengals,2021,6.5,10,O
Cincinnati Bengals,2022,9.5,12,O
Cincinnati Bengals,2023,11,9,U
Cincinnati Bengals,2024,10.5,9,U
Cincinnati Bengals,2025,9.5,6,U
Cleveland Browns,2020,8.5,11,O
Cleveland Browns,2021,10.5,8,U
Cleveland Browns,2022,8,7,U
Cleveland Browns,2023,9,11,O
Cleveland Browns,2024,8.5,3,U
Cleveland Browns,2025,4.5,5,O
Dallas Cowboys,2020,10,6,U
Dallas Cowboys,2021,9,12,O
Dallas Cowboys,2022,10,12,O
Dallas Cowboys,2023,10,12,O
Dallas Cowboys,2024,10,7,U
Dallas Cowboys,2025,7.5,7,U
Denver Broncos,2020,7.5,5,U
Denver Broncos,2021,9,7,U
Denver Broncos,2022,10,5,U
Denver Broncos,2023,8.5,8,U
Denver Broncos,2024,5.5,10,O
Denver Broncos,2025,9.5,14,O
Detroit Lions,2020,7,5,U
Detroit Lions,2021,4.5,3,U
Detroit Lions,2022,6.5,9,O
Detroit Lions,2023,9.5,12,O
Detroit Lions,2024,10.5,15,O
Detroit Lions,2025,10.5,9,U
Green Bay Packers,2020,8.5,13,O
Green Bay Packers,2021,10.5,13,O
Green Bay Packers,2022,11,8,U
Green Bay Packers,2023,7.5,9,O
Green Bay Packers,2024,10,11,O
Green Bay Packers,2025,10.5,9,U
Houston Texans,2020,7.5,4,U
Houston Texans,2021,4,4,P
Houston Texans,2022,4.5,3,U
Houston Texans,2023,6.5,10,O
Houston Texans,2024,9.5,10,O
Houston Texans,2025,9.5,12,O
Indianapolis Colts,2020,9.5,11,O
Indianapolis Colts,2021,9,9,P
Indianapolis Colts,2022,10,4,U
Indianapolis Colts,2023,6.5,9,O
Indianapolis Colts,2024,8.5,8,U
Indianapolis Colts,2025,7.5,8,O
Jacksonville Jaguars,2020,4.5,1,U
Jacksonville Jaguars,2021,6.5,3,U
Jacksonville Jaguars,2022,6.5,9,O
Jacksonville Jaguars,2023,9.5,9,U
Jacksonville Jaguars,2024,8.5,4,U
Jacksonville Jaguars,2025,7.5,13,O
Kansas City Chiefs,2020,11.5,14,O
Kansas City Chiefs,2021,12.5,12,U
Kansas City Chiefs,2022,10.5,14,O
Kansas City Chiefs,2023,11.5,11,U
Kansas City Chiefs,2024,11.5,15,O
Kansas City Chiefs,2025,11.5,6,U
Las Vegas Raiders,2020,7.5,8,O
Las Vegas Raiders,2021,7.5,10,O
Las Vegas Raiders,2022,8.5,6,U
Las Vegas Raiders,2023,6.5,8,O
Las Vegas Raiders,2024,6.5,4,U
Las Vegas Raiders,2025,6.5,3,U
Los Angeles Chargers,2020,8,7,U
Los Angeles Chargers,2021,9.5,9,U
Los Angeles Chargers,2022,10.5,10,U
Los Angeles Chargers,2023,9.5,5,U
Los Angeles Chargers,2024,9,11,O
Los Angeles Chargers,2025,9.5,11,O
Los Angeles Rams,2020,8.5,10,O
Los Angeles Rams,2021,10.5,12,O
Los Angeles Rams,2022,10.5,5,U
Los Angeles Rams,2023,6.5,10,O
Los Angeles Rams,2024,8.5,10,O
Los Angeles Rams,2025,9.5,12,O
Miami Dolphins,2020,6,10,O
Miami Dolphins,2021,9,9,P
Miami Dolphins,2022,9,9,P
Miami Dolphins,2023,9.5,11,O
Miami Dolphins,2024,10,8,U
Miami Dolphins,2025,7.5,7,U
Minnesota Vikings,2020,9,7,U
Minnesota Vikings,2021,9,8,U
Minnesota Vikings,2022,9.5,13,O
Minnesota Vikings,2023,8.5,7,U
Minnesota Vikings,2024,6.5,14,O
Minnesota Vikings,2025,9.5,9,U
New England Patriots,2020,9,7,U
New England Patriots,2021,9.5,10,O
New England Patriots,2022,8.5,8,U
New England Patriots,2023,7.5,4,U
New England Patriots,2024,4.5,4,U
New England Patriots,2025,8.5,14,O
New Orleans Saints,2020,10.5,12,O
New Orleans Saints,2021,9,9,P
New Orleans Saints,2022,9,7,U
New Orleans Saints,2023,9.5,9,U
New Orleans Saints,2024,7.5,5,U
New Orleans Saints,2025,4.5,6,O
New York Giants,2020,6.5,6,U
New York Giants,2021,7,4,U
New York Giants,2022,7,9,O
New York Giants,2023,7.5,6,U
New York Giants,2024,6.5,3,U
New York Giants,2025,5.5,5,U
New York Jets,2020,6.5,2,U
New York Jets,2021,6,4,U
New York Jets,2022,5.5,7,O
New York Jets,2023,9.5,7,U
New York Jets,2024,9.5,5,U
New York Jets,2025,6.5,3,U
Philadelphia Eagles,2020,9.5,4,U
Philadelphia Eagles,2021,6.5,9,O
Philadelphia Eagles,2022,10,14,O
Philadelphia Eagles,2023,11.5,11,U
Philadelphia Eagles,2024,10.5,14,O
Philadelphia Eagles,2025,11.5,11,U
Pittsburgh Steelers,2020,9.5,12,O
Pittsburgh Steelers,2021,8.5,9,O
Pittsburgh Steelers,2022,7.5,9,O
Pittsburgh Steelers,2023,9,10,O
Pittsburgh Steelers,2024,8,10,O
Pittsburgh Steelers,2025,8.5,10,O
San Francisco 49ers,2020,10.5,6,U
San Francisco 49ers,2021,10.5,10,U
San Francisco 49ers,2022,10,13,O
San Francisco 49ers,2023,11,12,O
San Francisco 49ers,2024,11.5,6,U
San Francisco 49ers,2025,10.5,12,O
Seattle Seahawks,2020,9.5,12,O
Seattle Seahawks,2021,9.5,7,U
Seattle Seahawks,2022,5.5,9,O
Seattle Seahawks,2023,9,9,P
Seattle Seahawks,2024,7.5,10,O
Seattle Seahawks,2025,8.5,14,O
Tampa Bay Buccaneers,2020,9.5,11,O
Tampa Bay Buccaneers,2021,12,13,O
Tampa Bay Buccaneers,2022,11,8,U
Tampa Bay Buccaneers,2023,6,9,O
Tampa Bay Buccaneers,2024,7.5,10,O
Tampa Bay Buccaneers,2025,9.5,8,U
Tennessee Titans,2020,8.5,11,O
Tennessee Titans,2021,9.5,12,O
Tennessee Titans,2022,9,7,U
Tennessee Titans,2023,7.5,6,U
Tennessee Titans,2024,6.5,3,U
Tennessee Titans,2025,6.5,3,U
Washington Commanders,2020,5,7,O
Washington Commanders,2021,8.5,7,U
Washington Commanders,2022,8.5,8,U
Washington Commanders,2023,6.5,4,U
Washington Commanders,2024,6.5,12,O
Washington Commanders,2025,9.5,5,U
Los Angeles Rams,2026,11.5,,
Baltimore Ravens,2026,11.5,,
Buffalo Bills,2026,10.5,,
Detroit Lions,2026,10.5,,
Seattle Seahawks,2026,10.5,,
Kansas City Chiefs,2026,10.5,,
San Francisco 49ers,2026,10.5,,
Los Angeles Chargers,2026,10.5,,
New England Patriots,2026,10.5,,
Philadelphia Eagles,2026,10.5,,
Cincinnati Bengals,2026,9.5,,
Houston Texans,2026,9.5,,
Denver Broncos,2026,9.5,,
Green Bay Packers,2026,9.5,,
Chicago Bears,2026,9.5,,
Dallas Cowboys,2026,9.5,,
Jacksonville Jaguars,2026,9.5,,
Minnesota Vikings,2026,8.5,,
Pittsburgh Steelers,2026,8.5,,
Tampa Bay Buccaneers,2026,8.5,,
Indianapolis Colts,2026,7.5,,
New Orleans Saints,2026,7.5,,
Washington Commanders,2026,7.5,,
New York Giants,2026,7.5,,
Atlanta Falcons,2026,7.5,,
Carolina Panthers,2026,7.5,,
Tennessee Titans,2026,6.5,,
Las Vegas Raiders,2026,5.5,,
Cleveland Browns,2026,5.5,,
New York Jets,2026,5.5,,
Miami Dolphins,2026,4.5,,
Arizona Cardinals,2026,3.5,,
